ENG_DF_000354_20160220_G00A04O3N.xml	1839	1976
ENG_DF_001471_20050614_G00A0FCSK.xml	456	782
ENG_DF_001471_20050614_G00A0FCSK.xml	3245	3437
ENG_DF_001471_20050614_G00A0FCSK.xml	3790	3931
ENG_DF_001471_20050614_G00A0FCSK.xml	4769	4943
ENG_DF_001471_20050614_G00A0FCSK.xml	5105	5280
ENG_DF_001471_20050614_G00A0FCSK.xml	5547	5975
ENG_DF_001471_20050703_G00A0FCXB.xml	1318	2060
ENG_DF_001471_20050703_G00A0FCXB.xml	3543	3731
ENG_DF_001471_20060203_G00A0275Q.xml	2365	2535
ENG_DF_001471_20060203_G00A0275Q.xml	3886	4261
ENG_DF_001471_20060426_G00A0FF0Z.xml	2761	3237
ENG_DF_001471_20060426_G00A0FF0Z.xml	4670	5047
ENG_DF_001471_20060626_G00A0FF5Z.xml	1079	1228
ENG_DF_001471_20060626_G00A0FF5Z.xml	2707	2811
ENG_DF_001471_20060626_G00A0FF5Z.xml	3272	3450
ENG_DF_001471_20060626_G00A0FF5Z.xml	4259	4479
ENG_DF_001471_20080815_G00A0FHFP.xml	2535	2692
ENG_DF_001471_20080815_G00A0FHFP.xml	3114	3237
ENG_DF_001471_20080815_G00A0FHFP.xml	3643	3816
ENG_DF_001471_20080815_G00A0FHFP.xml	4274	4440
ENG_DF_001471_20080815_G00A0FHFP.xml	4620	4743
ENG_DF_001471_20080815_G00A0FHFP.xml	4855	5120
ENG_DF_001471_20080815_G00A0FHFP.xml	5332	5489
ENG_DF_001471_20080815_G00A0FHFP.xml	5653	5772
ENG_DF_001471_20080815_G00A0FHFP.xml	5967	6196
ENG_DF_001471_20080815_G00A0FHFP.xml	6763	6847
ENG_DF_001471_20080815_G00A0FHFP.xml	7035	7119
ENG_DF_001471_20080815_G00A0FHFP.xml	7199	7334
ENG_DF_001471_20081229_G00A0FHRN.xml	1024	1122
ENG_DF_001471_20081229_G00A0FHRN.xml	3459	4044
ENG_DF_001471_20100604_G00A0FJ1P.xml	897	1009
ENG_DF_001471_20100604_G00A0FJ1P.xml	1219	1331
ENG_DF_001471_20100604_G00A0FJ1P.xml	1426	1596
ENG_DF_001471_20100604_G00A0FJ1P.xml	2892	3200
ENG_DF_001471_20111104_G00A0FKEO.xml	822	1024
ENG_DF_001471_20111104_G00A0FKEO.xml	1136	1215
ENG_DF_001471_20111104_G00A0FKEO.xml	2564	2848
ENG_DF_001471_20111104_G00A0FKEO.xml	3340	3501
ENG_DF_001471_20120427_G00A0FL0L.xml	661	771
ENG_DF_001471_20120427_G00A0FL0L.xml	3841	4312
ENG_DF_001471_20120921_G00A01SGT.xml	2854	2966
ENG_DF_001471_20120921_G00A01SGT.xml	3587	3779
ENG_DF_001471_20120921_G00A01SGT.xml	4544	4905
ENG_DF_001471_20120923_G00A01ATM.xml	318	1908
ENG_DF_001471_20121017_G00A0FLWN.xml	1969	2357
ENG_DF_001471_20121017_G00A0FLWN.xml	3076	3182
ENG_DF_001471_20121017_G00A0FLWN.xml	3366	4286
ENG_DF_001471_20121217_G00A02LVB.xml	239	1804
ENG_DF_001471_20121217_G00A02LVB.xml	3799	4241
ENG_DF_001471_20121217_G00A02LVB.xml	4438	4880
ENG_DF_001471_20130411_G00A0FN18.xml	4492	4983
ENG_DF_001471_20130418_G00A0FN2I.xml	942	1072
ENG_DF_001471_20130418_G00A0FN2I.xml	1423	1576
ENG_DF_001471_20130418_G00A0FN2I.xml	2173	2404
ENG_DF_001471_20130418_G00A0FN2I.xml	3112	3230
ENG_DF_001471_20130418_G00A0FN2I.xml	3415	3562
ENG_DF_001471_20130418_G00A0FN2I.xml	3713	3860
ENG_DF_001471_20130418_G00A0FN2I.xml	4034	4181
ENG_DF_001471_20130418_G00A0FN2I.xml	4301	4448
ENG_DF_001471_20130418_G00A0FN2I.xml	4772	5021
ENG_DF_001471_20130418_G00A0FN2I.xml	5923	6073
ENG_DF_001471_20130521_G00A0FN99.xml	2345	2915
ENG_DF_001471_20130521_G00A0FN99.xml	3303	3548
ENG_DF_001471_20130626_G00A0FNIS.xml	2816	2899
ENG_DF_001471_20130626_G00A0FNIS.xml	4687	4957
ENG_DF_001471_20130729_G00A01RYW.xml	3417	3632
ENG_DF_001471_20130729_G00A01RYW.xml	3750	3967
ENG_DF_001471_20130729_G00A01RYW.xml	5072	5206
ENG_DF_001471_20131205_G00A0FP3R.xml	920	1190
ENG_DF_001471_20131205_G00A0FP3R.xml	1494	1760
ENG_DF_001471_20131205_G00A0FP3R.xml	3859	4110
ENG_DF_001471_20131205_G00A0FP3R.xml	4353	4515
ENG_DF_001471_20140116_G00A0FPGW.xml	786	1171
ENG_DF_001471_20140116_G00A0FPGW.xml	3318	3546
ENG_DF_001471_20140116_G00A0FPGW.xml	4111	4174
ENG_DF_001471_20140116_G00A0FPGW.xml	4379	4532
ENG_DF_001471_20140116_G00A0FPGW.xml	4937	5124
ENG_DF_001471_20140116_G00A0FPGW.xml	5381	5568
ENG_DF_001471_20141216_G00A02X0G.xml	795	954
ENG_DF_001471_20141216_G00A02X0G.xml	1093	1197
ENG_DF_001471_20141216_G00A02X0G.xml	1377	1536
ENG_DF_001471_20141216_G00A02X0G.xml	2027	2297
ENG_DF_001471_20141216_G00A02X0G.xml	2741	2885
ENG_DF_001471_20141216_G00A02X0G.xml	3367	3518
ENG_DF_001471_20141216_G00A02X0G.xml	3677	3828
ENG_DF_001471_20151217_G00A0G3AL.xml	1238	1720
ENG_DF_001471_20151217_G00A0G3AL.xml	1861	2370
ENG_DF_001471_20151217_G00A0G3AL.xml	2498	2588
ENG_DF_001471_20151217_G00A0G3AL.xml	2905	3080
ENG_DF_001471_20151217_G00A0G3AL.xml	3221	3330
ENG_DF_001471_20151217_G00A0G3AL.xml	3948	4053
ENG_DF_001471_20151217_G00A0G3AL.xml	5048	5236
ENG_DF_001471_20151217_G00A0G3AL.xml	5382	5489
ENG_DF_001471_20160105_G00A0G3W2.xml	393	1163
ENG_DF_001471_20160105_G00A0G3W2.xml	1453	1992
ENG_DF_001471_20160105_G00A0G3W2.xml	2915	3118
ENG_DF_001471_20160105_G00A0G3W2.xml	4396	4876
ENG_DF_001471_20160107_G00A02XWT.xml	325	1179
ENG_DF_001471_20160304_G00A0G63S.xml	519	633
ENG_DF_001471_20160304_G00A0G63S.xml	784	898
ENG_DF_001471_20160304_G00A0G63S.xml	1277	1390
ENG_DF_001471_20160304_G00A0G63S.xml	2737	2904
ENG_DF_001471_20160304_G00A0G63S.xml	3595	3906
ENG_DF_001471_20160304_G00A0G63S.xml	4142	4453
ENG_DF_001471_20160304_G00A0G63S.xml	4456	4629
ENG_DF_001471_20160304_G00A0G63S.xml	4727	4852
ENG_DF_001471_20160304_G00A0G63S.xml	4998	5309
ENG_DF_001471_20160304_G00A0G63S.xml	5422	5733
ENG_DF_001471_20160304_G00A0G63S.xml	5903	6028
ENG_DF_001471_20160304_G00A0G63S.xml	6458	6857
ENG_DF_001471_20160304_G00A0G63S.xml	7177	7452
ENG_DF_001471_20160304_G00A0G63S.xml	7743	8003
ENG_DF_001471_20160311_G00A0G6CH.xml	1210	1299
ENG_DF_001471_20160311_G00A0G6CH.xml	1933	2052
ENG_DF_001471_20160311_G00A0G6CH.xml	2282	2409
ENG_DF_001471_20160311_G00A0G6CH.xml	2594	2721
ENG_DF_001471_20160311_G00A0G6CH.xml	2850	2977
ENG_DF_001471_20160311_G00A0G6CH.xml	3237	3427
ENG_DF_001471_20160311_G00A0G6CH.xml	3596	3694
ENG_DF_001471_20160311_G00A0G6CH.xml	3892	4046
ENG_DF_001471_20160311_G00A0G6CH.xml	4188	4320
ENG_DF_001471_20160311_G00A0G6CH.xml	4555	4756
ENG_DF_001471_20160311_G00A0G6CH.xml	4894	4996
ENG_DF_001471_20160311_G00A0G6CH.xml	5863	5955
ENG_DF_001471_20160311_G00A0G6CH.xml	6054	6190
ENG_DF_001471_20160311_G00A0G6CH.xml	6374	6479
ENG_DF_001471_20160311_G00A0G6CH.xml	6843	7133
ENG_DF_001471_20160312_G00A02XHO.xml	1755	2484
ENG_DF_001471_20160312_G00A02XHO.xml	2604	2693
ENG_DF_001471_20160312_G00A02XHO.xml	2989	3239
ENG_DF_001471_20160312_G00A02XHO.xml	4775	5265
ENG_DF_001471_20160312_G00A02XHO.xml	5490	5683
ENG_DF_001471_20160314_G00A0G6F8.xml	2240	2552
ENG_DF_001471_20160319_G00A0G6M9.xml	403	692
ENG_DF_001471_20160319_G00A0G6M9.xml	1217	1418
ENG_DF_001471_20160319_G00A0G6M9.xml	1613	1856
ENG_DF_001471_20160319_G00A0G6M9.xml	2031	2169
ENG_DF_001471_20160319_G00A0G6M9.xml	2544	2676
ENG_DF_001471_20160319_G00A0G6M9.xml	2773	2832
ENG_DF_001471_20160319_G00A0G6M9.xml	3059	3191
ENG_DF_001471_20160319_G00A0G6M9.xml	3854	3959
ENG_DF_001471_20160319_G00A0G6M9.xml	4350	4551
ENG_DF_001471_20160319_G00A0G6M9.xml	4758	4930
ENG_DF_001471_20160319_G00A0G6M9.xml	5200	5433
ENG_DF_001471_20160319_G00A0G6M9.xml	5542	5775
ENG_DF_001471_20160330_G00A0G78U.xml	1854	1894
ENG_DF_001471_20160330_G00A0G78U.xml	3207	3382
ENG_DF_001471_20160330_G00A0G78U.xml	3676	3900
ENG_DF_001471_20160330_G00A0G78U.xml	4109	4282
ENG_DF_001471_20160330_G00A0G78U.xml	4489	4626
ENG_DF_001471_20160330_G00A0G78U.xml	4996	5328
ENG_DF_001503_20070325_G00A0G9BE.xml	744	915
ENG_DF_001503_20070325_G00A0G9BE.xml	1259	1480
ENG_DF_001503_20070325_G00A0G9BE.xml	1637	1759
ENG_DF_001503_20070325_G00A0G9BE.xml	2911	4028
ENG_DF_001503_20070325_G00A0G9BE.xml	4807	4976
ENG_DF_001503_20090119_G00A0GAUG.xml	417	651
ENG_DF_001503_20090119_G00A0GAUG.xml	942	1193
ENG_DF_001503_20090119_G00A0GAUG.xml	1325	1576
ENG_DF_001503_20090119_G00A0GAUG.xml	1764	1922
ENG_DF_001503_20090119_G00A0GAUG.xml	2179	2413
ENG_DF_001503_20090119_G00A0GAUG.xml	2801	3020
ENG_DF_001503_20090119_G00A0GAUG.xml	3334	3509
ENG_DF_001503_20090119_G00A0GAUG.xml	3683	3819
ENG_DF_001503_20090119_G00A0GAUG.xml	4017	4153
ENG_DF_001503_20090119_G00A0GAUG.xml	4264	4346
ENG_DF_001503_20090119_G00A0GAUG.xml	4444	4497
ENG_DF_001503_20090119_G00A0GAUG.xml	4821	5116
ENG_DF_001503_20090119_G00A0GAUG.xml	5322	5608
ENG_DF_001503_20090218_G00A0GAXK.xml	396	609
ENG_DF_001503_20090218_G00A0GAXK.xml	876	1102
ENG_DF_001503_20090218_G00A0GAXK.xml	1627	1879
ENG_DF_001503_20090218_G00A0GAXK.xml	2095	2347
ENG_DF_001503_20090218_G00A0GAXK.xml	2923	3103
ENG_DF_001503_20090218_G00A0GAXK.xml	3213	3278
ENG_DF_001503_20090218_G00A0GAXK.xml	3420	3537
ENG_DF_001503_20090218_G00A0GAXK.xml	3714	3927
ENG_DF_001503_20090218_G00A0GAXK.xml	4174	4310
ENG_DF_001503_20090218_G00A0GAXK.xml	4506	4664
ENG_DF_001503_20090218_G00A0GAXK.xml	4768	4890
ENG_DF_001503_20090218_G00A0GAXK.xml	5007	5081
ENG_DF_001503_20090218_G00A0GAXK.xml	5228	5337
ENG_DF_001503_20090218_G00A0GAXK.xml	5473	5573
ENG_DF_001503_20090218_G00A0GAXK.xml	6195	6489
ENG_DF_001503_20090218_G00A0GAXK.xml	6795	6968
ENG_DF_001503_20100301_G00A0GBOO.xml	1657	2000
ENG_DF_001503_20100301_G00A0GBOO.xml	2604	3000
ENG_DF_001503_20100301_G00A0GBOO.xml	3125	3218
ENG_DF_001503_20100301_G00A0GBOO.xml	3500	3903
ENG_DF_001503_20100301_G00A0GBOO.xml	4342	4736
ENG_DF_001503_20100301_G00A0GBOO.xml	5390	5784
ENG_DF_001503_20101030_G00A09VCO.xml	1207	1409
ENG_DF_001503_20101030_G00A09VCO.xml	1589	1693
ENG_DF_001503_20101030_G00A09VCO.xml	1945	2050
ENG_DF_001503_20101030_G00A09VCO.xml	2247	2371
ENG_DF_001503_20101030_G00A09VCO.xml	2762	2839
ENG_DF_001503_20101030_G00A09VCO.xml	2963	3050
ENG_DF_001503_20101030_G00A09VCO.xml	3355	3409
ENG_DF_001503_20101030_G00A09VCO.xml	3515	3575
ENG_DF_001503_20101030_G00A09VCO.xml	3660	3717
ENG_DF_001503_20101030_G00A09VCO.xml	3866	3969
ENG_DF_001503_20101030_G00A09VCO.xml	4082	4167
ENG_DF_001503_20101030_G00A09VCO.xml	4349	4492
ENG_DF_001503_20101030_G00A09VCO.xml	4577	4627
ENG_DF_001503_20101030_G00A09VCO.xml	4757	4900
ENG_DF_001503_20101030_G00A09VCO.xml	4985	5042
ENG_DF_001503_20101030_G00A09VCO.xml	5180	5272
ENG_DF_001503_20101030_G00A09VCO.xml	5373	5446
ENG_DF_001503_20101030_G00A09VCO.xml	5605	5718
ENG_DF_001503_20101030_G00A09VCO.xml	5878	6011
ENG_DF_001503_20101030_G00A09VCO.xml	6108	6158
ENG_DF_001503_20101030_G00A09VCO.xml	6427	6560
ENG_DF_001503_20101030_G00A09VCO.xml	6723	6840
ENG_DF_001503_20101030_G00A09VCO.xml	6969	7073
ENG_DF_001503_20101030_G00A09VCO.xml	7270	7434
ENG_DF_001503_20120516_G00A0AK69.xml	420	618
ENG_DF_001503_20120516_G00A0AK69.xml	1022	1390
ENG_DF_001503_20120516_G00A0AK69.xml	1530	1898
ENG_DF_001503_20120516_G00A0AK69.xml	2343	2453
ENG_DF_001503_20120516_G00A0AK69.xml	2717	2945
ENG_DF_001503_20120516_G00A0AK69.xml	3100	3328
ENG_DF_001503_20120516_G00A0AK69.xml	3791	4314
ENG_DF_001503_20120516_G00A0AK69.xml	4615	4807
ENG_DF_001503_20130520_G00A0A7Z5.xml	536	892
ENG_DF_001503_20130521_G00A0AV22.xml	2353	3061
ENG_DF_001503_20130521_G00A0AV22.xml	4298	4580
ENG_DF_001503_20130521_G00A0AV22.xml	4583	4672
ENG_DF_001503_20130522_G00A0GEWU.xml	391	589
ENG_DF_001503_20130522_G00A0GEWU.xml	1108	1286
ENG_DF_001503_20130522_G00A0GEWU.xml	2069	2268
ENG_DF_001503_20130522_G00A0GEWU.xml	2671	2870
ENG_DF_001503_20130522_G00A0GEWU.xml	3601	3771
ENG_DF_001503_20130522_G00A0GEWX.xml	1730	2027
ENG_DF_001503_20130522_G00A0GEWX.xml	2316	2603
ENG_DF_001503_20130522_G00A0GEWX.xml	2926	3216
ENG_DF_001503_20130522_G00A0GEWX.xml	3804	4054
ENG_DF_001503_20130522_G00A0GEWX.xml	4451	4812
ENG_DF_001503_20130625_G00A0AV0I.xml	1540	1857
ENG_DF_001503_20130625_G00A0AV0I.xml	2602	2848
ENG_DF_001503_20130713_G00A0GFG3.xml	745	924
ENG_DF_001503_20130713_G00A0GFG3.xml	1152	1331
ENG_DF_001503_20130713_G00A0GFG3.xml	1980	2155
ENG_DF_001503_20130713_G00A0GFG3.xml	2550	2687
ENG_DF_001503_20130713_G00A0GFG3.xml	2962	3198
ENG_DF_001503_20130713_G00A0GFG3.xml	3580	3927
ENG_DF_001503_20130713_G00A0GFG3.xml	4703	4861
ENG_DF_001503_20130713_G00A0GFG3.xml	5225	5492
ENG_DF_001503_20130715_G00A0GFGV.xml	551	892
ENG_DF_001503_20130715_G00A0GFGV.xml	1046	1387
ENG_DF_001503_20130715_G00A0GFGV.xml	2144	2485
ENG_DF_001503_20130715_G00A0GFGV.xml	2955	3386
ENG_DF_001503_20130715_G00A0GFGV.xml	3590	3655
ENG_DF_001503_20130715_G00A0GFGV.xml	3868	4045
ENG_DF_001503_20130715_G00A0GFGV.xml	4507	4792
ENG_DF_001503_20130715_G00A0GFGV.xml	4961	5246
ENG_DF_001503_20130921_G00A0GGAW.xml	1050	1217
ENG_DF_001503_20130921_G00A0GGAW.xml	1312	1372
ENG_DF_001503_20130921_G00A0GGAW.xml	1541	1673
ENG_DF_001503_20130921_G00A0GGAW.xml	2125	2293
ENG_DF_001503_20130921_G00A0GGAW.xml	2499	2714
ENG_DF_001503_20130921_G00A0GGAW.xml	2861	2977
ENG_DF_001503_20130921_G00A0GGAW.xml	3999	4091
ENG_DF_001503_20130921_G00A0GGAW.xml	4302	4555
ENG_DF_001503_20130921_G00A0GGAW.xml	4888	5461
ENG_DF_001503_20130921_G00A0GGAW.xml	5909	6112
ENG_DF_001503_20131004_G00A0AJ0V.xml	1679	2100
ENG_DF_001503_20131004_G00A0AJ0V.xml	2518	2711
ENG_DF_001503_20131004_G00A0AJ0V.xml	3599	4056
ENG_DF_001503_20131008_G00A0A9P3.xml	1497	1612
ENG_DF_001503_20131008_G00A0A9P3.xml	1700	1715
ENG_DF_001503_20131008_G00A0A9P3.xml	1891	1906
ENG_DF_001503_20131008_G00A0A9P3.xml	2946	3059
ENG_DF_001503_20131014_G00A0AUPY.xml	2371	2544
ENG_DF_001503_20131014_G00A0AUPY.xml	3611	3755
ENG_DF_001503_20131014_G00A0AUPY.xml	4030	4268
ENG_DF_001503_20131015_G00A0GGKW.xml	2460	2863
ENG_DF_001503_20131015_G00A0GGKW.xml	4315	4382
ENG_DF_001503_20131015_G00A0GGKW.xml	4743	4940
ENG_DF_001503_20131126_G00A0GH1O.xml	736	1204
ENG_DF_001503_20131126_G00A0GH1O.xml	1331	1424
ENG_DF_001503_20131126_G00A0GH1O.xml	2283	2960
ENG_DF_001503_20131126_G00A0GH1O.xml	3580	3759
ENG_DF_001503_20131126_G00A0GH1O.xml	3838	4306
ENG_DF_001503_20131126_G00A0GH1O.xml	4921	5037
ENG_DF_001503_20131126_G00A0GH1O.xml	5439	5641
ENG_DF_001503_20131225_G00A0GHEQ.xml	883	1059
ENG_DF_001503_20131225_G00A0GHEQ.xml	2004	2332
ENG_DF_001503_20131225_G00A0GHEQ.xml	3341	3951
ENG_DF_001503_20131225_G00A0GHEQ.xml	4263	4352
ENG_DF_001503_20131225_G00A0GHEQ.xml	5255	5368
ENG_DF_001503_20131225_G00A0GHEQ.xml	5590	5739
ENG_DF_001503_20131225_G00A0GHEQ.xml	5834	5849
ENG_DF_001503_20131225_G00A0GHEQ.xml	5913	5928
ENG_DF_001503_20140112_G00A0GHO7.xml	1038	1161
ENG_DF_001503_20140112_G00A0GHO7.xml	1485	1604
ENG_DF_001503_20140112_G00A0GHO7.xml	1950	2178
ENG_DF_001503_20140113_G00A0GHPC.xml	643	1079
ENG_DF_001503_20140113_G00A0GHPC.xml	1257	1396
ENG_DF_001503_20140113_G00A0GHPC.xml	1751	1895
ENG_DF_001503_20140113_G00A0GHPC.xml	2812	3271
ENG_DF_001503_20140113_G00A0GHPC.xml	4388	4661
ENG_DF_001503_20140113_G00A0GHPC.xml	4926	5132
ENG_DF_001503_20140113_G00A0GHPC.xml	5291	5484
ENG_DF_001503_20140127_G00A0GHYU.xml	1253	2315
ENG_DF_001503_20140127_G00A0GHYU.xml	2702	2858
ENG_DF_001503_20140127_G00A0GHYU.xml	3178	3459
ENG_DF_001503_20140130_G00A0GI0L.xml	624	758
ENG_DF_001503_20140130_G00A0GI0L.xml	1119	1438
ENG_DF_001503_20140130_G00A0GI0L.xml	1505	1771
ENG_DF_001503_20140130_G00A0GI0L.xml	2219	2370
ENG_DF_001503_20140130_G00A0GI0L.xml	2502	2653
ENG_DF_001503_20140130_G00A0GI0L.xml	3463	3597
ENG_DF_001503_20140130_G00A0GI0L.xml	3874	4019
ENG_DF_001503_20140130_G00A0GI0L.xml	4647	4810
ENG_DF_001503_20140130_G00A0GI0L.xml	5124	5199
ENG_DF_001503_20140130_G00A0GI0L.xml	5469	5620
ENG_DF_001503_20140130_G00A0GI0L.xml	5753	5858
ENG_DF_001503_20140216_G00A0GID3.xml	1725	2439
ENG_DF_001503_20140216_G00A0GID3.xml	3496	3580
ENG_DF_001503_20140216_G00A0GID3.xml	4484	5353
ENG_DF_001503_20140317_G00A0GIYH.xml	2438	2581
ENG_DF_001503_20140317_G00A0GIYH.xml	4396	4539
ENG_DF_001503_20140317_G00A0GIYH.xml	5140	5267
ENG_DF_001503_20140327_G00A0GJ60.xml	358	373
ENG_DF_001503_20140327_G00A0GJ60.xml	714	763
ENG_DF_001503_20140327_G00A0GJ60.xml	972	1139
ENG_DF_001503_20140327_G00A0GJ60.xml	1732	1899
ENG_DF_001503_20140327_G00A0GJ60.xml	2376	2535
ENG_DF_001503_20140327_G00A0GJ60.xml	2766	2956
ENG_DF_001503_20140327_G00A0GJ60.xml	3311	3634
ENG_DF_001503_20140327_G00A0GJ60.xml	4186	4435
ENG_DF_001503_20140327_G00A0GJ60.xml	4859	5375
ENG_DF_001503_20140402_G00A0GJ98.xml	698	1182
ENG_DF_001503_20140402_G00A0GJ98.xml	1803	2287
ENG_DF_001503_20140402_G00A0GJ98.xml	2451	2625
ENG_DF_001503_20140402_G00A0GJ98.xml	2849	3012
ENG_DF_001503_20140402_G00A0GJ98.xml	3365	3588
ENG_DF_001503_20140402_G00A0GJ98.xml	3803	3862
ENG_DF_001503_20140416_G00A0GJJ3.xml	718	892
ENG_DF_001503_20140416_G00A0GJJ3.xml	997	1066
ENG_DF_001503_20140416_G00A0GJJ3.xml	1409	1716
ENG_DF_001503_20140416_G00A0GJJ3.xml	2145	2452
ENG_DF_001503_20140416_G00A0GJJ3.xml	2674	2867
ENG_DF_001503_20140416_G00A0GJJ3.xml	3600	3937
ENG_DF_001503_20140416_G00A0GJJ3.xml	4143	4450
ENG_DF_001503_20140416_G00A0GJJ3.xml	4852	5001
ENG_DF_001503_20140416_G00A0GJJ3.xml	5406	5565
ENG_DF_001503_20140429_G00A0GJRI.xml	1523	2006
ENG_DF_001503_20140429_G00A0GJRI.xml	2733	3216
ENG_DF_001503_20140429_G00A0GJRI.xml	3294	3854
ENG_DF_001503_20140502_G00A0AIIF.xml	1713	1933
ENG_DF_001503_20140520_G00A0GK5U.xml	1359	1595
ENG_DF_001503_20140520_G00A0GK5U.xml	1864	2203
ENG_DF_001503_20140520_G00A0GK5U.xml	2595	2880
ENG_DF_001503_20140520_G00A0GK5U.xml	3286	3571
ENG_DF_001503_20140520_G00A0GK5U.xml	3948	4103
ENG_DF_001503_20140520_G00A0GK5U.xml	4964	5119
ENG_DF_001503_20140604_G00A0AIFJ.xml	2464	2603
ENG_DF_001503_20140604_G00A0AIFJ.xml	2911	3090
ENG_DF_001503_20140604_G00A0AIFJ.xml	3233	3403
ENG_DF_001503_20140604_G00A0AIFJ.xml	3406	3680
ENG_DF_001503_20140604_G00A0AIFJ.xml	3928	4138
ENG_DF_001503_20140604_G00A0AIFJ.xml	5211	5380
ENG_DF_001503_20140605_G00A0GKEU.xml	783	869
ENG_DF_001503_20140605_G00A0GKEU.xml	1688	1891
ENG_DF_001503_20140605_G00A0GKEU.xml	2613	2764
ENG_DF_001503_20140605_G00A0GKEU.xml	3417	3503
ENG_DF_001503_20140605_G00A0GKEU.xml	4299	4401
ENG_DF_001503_20140605_G00A0GKEU.xml	4972	5051
ENG_DF_001503_20140605_G00A0GKEU.xml	5210	5384
ENG_DF_001503_20140605_G00A0GKEU.xml	5709	5904
ENG_DF_001503_20140607_G00A0AIFF.xml	787	1035
ENG_DF_001503_20140607_G00A0AIFF.xml	1187	1300
ENG_DF_001503_20140617_G00A0GKM3.xml	624	763
ENG_DF_001503_20140617_G00A0GKM3.xml	1171	1536
ENG_DF_001503_20140617_G00A0GKM3.xml	3658	4277
ENG_DF_001503_20140617_G00A0GKM3.xml	5029	5314
ENG_DF_001503_20140619_G00A0ACZZ.xml	604	698
ENG_DF_001503_20140619_G00A0ACZZ.xml	2720	3051
ENG_DF_001503_20140703_G00A0AIDF.xml	256	321
ENG_DF_001503_20140703_G00A0AIDF.xml	1729	1895
ENG_DF_001503_20140703_G00A0AIDF.xml	2341	2855
ENG_DF_001503_20140703_G00A0AIDF.xml	3244	3540
ENG_DF_001503_20140703_G00A0AIDF.xml	4096	4237
ENG_DF_001503_20140703_G00A0AIDF.xml	4593	4907
ENG_DF_001503_20140703_G00A0AIDF.xml	5155	5469
ENG_DF_001503_20140703_G00A0AIDF.xml	5614	5723
ENG_DF_001503_20140801_G00A0GL9N.xml	612	850
ENG_DF_001503_20140801_G00A0GL9N.xml	1533	1751
ENG_DF_001503_20140801_G00A0GL9N.xml	2424	2573
ENG_DF_001503_20140801_G00A0GL9N.xml	2672	3131
ENG_DF_001503_20140801_G00A0GL9N.xml	3296	3399
ENG_DF_001503_20140801_G00A0GL9N.xml	3581	3968
ENG_DF_001503_20140801_G00A0GL9N.xml	4148	4297
ENG_DF_001503_20140801_G00A0GL9N.xml	4696	4914
ENG_DF_001503_20160109_G00A0GN22.xml	750	990
ENG_DF_001503_20160109_G00A0GN22.xml	1202	1442
ENG_DF_001503_20160109_G00A0GN22.xml	1883	2060
ENG_DF_001503_20160109_G00A0GN22.xml	2247	2650
ENG_DF_001503_20160109_G00A0GN22.xml	2867	2933
ENG_DF_001503_20160109_G00A0GN22.xml	3413	3493
ENG_DF_001503_20160109_G00A0GN22.xml	3584	4029
ENG_DF_001503_20160109_G00A0GN22.xml	4111	4155
ENG_DF_001503_20160109_G00A0GN22.xml	4431	4671
ENG_DF_001503_20160109_G00A0GN22.xml	4941	5170
ENG_DF_001503_20160109_G00A0GN22.xml	5302	5401
ENG_DF_001503_20160121_G00A0GN6O.xml	1612	1726
ENG_DF_001503_20160121_G00A0GN6O.xml	2024	2637
ENG_DF_001503_20160121_G00A0GN6O.xml	2779	2887
ENG_DF_001503_20160121_G00A0GN6O.xml	4047	4317
ENG_DF_001503_20160121_G00A0GN6O.xml	4431	4701
ENG_DF_001503_20160311_G00A0A7A7.xml	2415	3218
ENG_DF_001503_20160311_G00A0A7A7.xml	3715	3963
ENG_DF_001503_20160404_G00A0GO41.xml	1606	1716
ENG_DF_001503_20160404_G00A0GO41.xml	1909	2019
ENG_DF_001503_20160404_G00A0GO41.xml	2029	2136
ENG_DF_001503_20160404_G00A0GO41.xml	2392	3021
ENG_DF_001503_20160404_G00A0GO41.xml	3700	3924
ENG_DF_001503_20160404_G00A0GO41.xml	4061	4445
ENG_DF_001503_20160421_G00A0GOBD.xml	3360	3569
ENG_DF_001503_20160421_G00A0GOBD.xml	4364	4586
ENG_DF_001503_20160421_G00A0GOBD.xml	4995	5159
SPA_DF_001253_20090308_G00A084N2.xml	1368	1490
SPA_DF_001253_20130111_G00A0GU2L.xml	1140	1708
SPA_DF_001253_20130111_G00A0GU2L.xml	2606	2858
SPA_DF_001253_20130111_G00A0GU2L.xml	3834	4178
SPA_DF_001253_20130111_G00A0GU2L.xml	4354	4502
SPA_DF_001253_20130111_G00A0GU2L.xml	5224	5476
SPA_DF_001253_20130113_G00A0GU34.xml	1782	1833
SPA_DF_001253_20130113_G00A0GU34.xml	3298	3467
SPA_DF_001253_20130113_G00A0GU34.xml	5770	6209
SPA_DF_001253_20130116_G00A0GU50.xml	2242	2361
SPA_DF_001253_20130116_G00A0GU50.xml	3301	4200
SPA_DF_001253_20130116_G00A0GU50.xml	5350	5447
SPA_DF_001253_20130117_G00A0DLB3.xml	1738	2351
SPA_DF_001253_20130117_G00A0DLB3.xml	2884	3021
SPA_DF_001253_20130117_G00A0DLB3.xml	3597	3698
SPA_DF_001253_20130117_G00A0GU5L.xml	1793	2268
SPA_DF_001253_20130117_G00A0GU5L.xml	2360	2835
SPA_DF_001253_20130117_G00A0GU5L.xml	3016	3164
SPA_DF_001253_20130117_G00A0GU5L.xml	3286	3475
SPA_DF_001253_20130117_G00A0GU5L.xml	4241	4438
SPA_DF_001253_20130117_G00A0GU5L.xml	4577	4783
SPA_DF_001253_20130117_G00A0GU5L.xml	5074	5325
SPA_DF_001253_20130117_G00A0GU5L.xml	5681	5901
SPA_DF_001253_20130117_G00A0GU5L.xml	6758	7233
SPA_DF_001253_20130130_G00A0GUBI.xml	513	679
SPA_DF_001253_20130130_G00A0GUBI.xml	1176	1252
SPA_DF_001253_20130130_G00A0GUBI.xml	1622	1852
SPA_DF_001253_20130130_G00A0GUBI.xml	2012	2123
SPA_DF_001253_20130130_G00A0GUBI.xml	3436	3741
SPA_DF_001253_20130205_G00A0GUDS.xml	592	913
SPA_DF_001253_20130205_G00A0GUDS.xml	1317	1638
SPA_DF_001253_20130205_G00A0GUDS.xml	1742	2063
SPA_DF_001253_20130205_G00A0GUDS.xml	2463	2620
SPA_DF_001253_20130205_G00A0GUDS.xml	4200	4268
SPA_DF_001253_20130219_G00A0GUL3.xml	1132	1425
SPA_DF_001253_20130219_G00A0GUL3.xml	1652	1846
SPA_DF_001253_20130219_G00A0GUL3.xml	3394	4002
SPA_DF_001253_20130305_G00A0GURM.xml	1645	2152
SPA_DF_001253_20130305_G00A0GURM.xml	2513	3020
SPA_DF_001253_20130305_G00A0GURM.xml	3581	3908
SPA_DF_001253_20130305_G00A0GURM.xml	4502	4793
SPA_DF_001253_20130416_G00A0GVDZ.xml	1808	1927
SPA_DF_001253_20130416_G00A0GVDZ.xml	3314	3441
SPA_DF_001253_20130416_G00A0GVDZ.xml	3591	3708
SPA_DF_001253_20130416_G00A0GVDZ.xml	3711	3795
SPA_DF_001253_20130416_G00A0GVDZ.xml	4392	4519
SPA_DF_001253_20130416_G00A0GVDZ.xml	4666	4900
SPA_DF_001253_20130416_G00A0GVDZ.xml	5415	5564
SPA_DF_001253_20130416_G00A0GVDZ.xml	7225	7794
SPA_DF_001253_20130419_G00A092EY.xml	1005	1094
SPA_DF_001253_20130421_G00A0GVGN.xml	2154	2770
SPA_DF_001253_20130421_G00A0GVGN.xml	3439	3679
SPA_DF_001253_20130421_G00A0GVGN.xml	4053	4293
SPA_DF_001253_20130421_G00A0GVGN.xml	4448	4656
SPA_DF_001253_20130421_G00A0GVGN.xml	5205	5821
SPA_DF_001253_20130421_G00A0GVGN.xml	6007	6346
SPA_DF_001253_20130507_G00A0GVOO.xml	3428	3562
SPA_DF_001253_20130507_G00A0GVOO.xml	3968	4102
SPA_DF_001253_20130507_G00A0GVOO.xml	4993	5248
SPA_DF_001253_20130507_G00A0GVOO.xml	6111	6348
SPA_DF_001253_20130510_G00A0GVQS.xml	2183	2384
SPA_DF_001253_20130510_G00A0GVQS.xml	2792	2918
SPA_DF_001253_20130510_G00A0GVQS.xml	3199	3386
SPA_DF_001253_20130510_G00A0GVQS.xml	4404	4905
SPA_DF_001253_20130510_G00A0GVQS.xml	5257	5403
SPA_DF_001253_20130510_G00A0GVQS.xml	5620	5941
SPA_DF_001253_20130518_G00A07ZF9.xml	2020	2628
SPA_DF_001253_20130518_G00A07ZF9.xml	2963	3097
SPA_DF_001253_20130521_G00A0GVWW.xml	3728	3969
SPA_DF_001253_20130521_G00A0GVWW.xml	4204	4900
SPA_DF_001253_20130521_G00A0GVWW.xml	5428	5601
SPA_DF_001253_20130603_G00A07ETO.xml	528	597
SPA_DF_001253_20130614_G00A0GW9G.xml	1361	1446
SPA_DF_001253_20130614_G00A0GW9G.xml	2068	2235
SPA_DF_001253_20130614_G00A0GW9G.xml	2460	2545
SPA_DF_001253_20130614_G00A0GW9G.xml	2806	2891
SPA_DF_001253_20130614_G00A0GW9G.xml	4179	4476
SPA_DF_001253_20130614_G00A0GW9G.xml	4723	4814
SPA_DF_001253_20130614_G00A0GW9G.xml	5147	5515
SPA_DF_001253_20130614_G00A0GW9G.xml	6706	6841
SPA_DF_001253_20130629_G00A091C4.xml	4525	4814
SPA_DF_001253_20130820_G00A090J8.xml	1504	1571
SPA_DF_001253_20130920_G00A0GXVG.xml	584	656
SPA_DF_001253_20130920_G00A0GXVG.xml	1181	1292
SPA_DF_001253_20130920_G00A0GXVG.xml	2544	2644
SPA_DF_001253_20130920_G00A0GXVG.xml	3151	3251
SPA_DF_001253_20130920_G00A0GXVG.xml	3540	3643
SPA_DF_001253_20130920_G00A0GXVG.xml	3646	3772
SPA_DF_001253_20130920_G00A0GXVG.xml	4411	4555
SPA_DF_001253_20130920_G00A0GXVG.xml	4746	4846
SPA_DF_001253_20130920_G00A0GXVG.xml	5099	5199
SPA_DF_001253_20130920_G00A0GXVG.xml	5484	5628
SPA_DF_001253_20130920_G00A0GXVG.xml	5756	6086
SPA_DF_001253_20130920_G00A0GXVG.xml	6089	6233
SPA_DF_001253_20130920_G00A0GXVG.xml	6530	6633
SPA_DF_001253_20130920_G00A0GXVG.xml	7121	7183
SPA_DF_001253_20130920_G00A0GXVG.xml	7294	7440
SPA_DF_001253_20130920_G00A0GXVG.xml	7826	7907
SPA_DF_001253_20130920_G00A0GXVG.xml	8189	8286
SPA_DF_001253_20130920_G00A0GXVG.xml	9051	9500
SPA_DF_001253_20130920_G00A0GXVG.xml	10676	10820
SPA_DF_001253_20130921_G00A0GXVR.xml	5148	5309
SPA_DF_001253_20130928_G00A0GXZV.xml	2051	2278
SPA_DF_001253_20130928_G00A0GXZV.xml	2490	2656
SPA_DF_001253_20130928_G00A0GXZV.xml	3203	3329
SPA_DF_001253_20130928_G00A0GXZV.xml	3678	3790
SPA_DF_001253_20130928_G00A0GXZV.xml	4126	4430
SPA_DF_001253_20130928_G00A0GXZV.xml	4865	5170
SPA_DF_001253_20130928_G00A0GXZV.xml	5959	6269
SPA_DF_001253_20130928_G00A0GXZV.xml	6442	6539
SPA_DF_001253_20130928_G00A0GXZV.xml	6905	7153
SPA_DF_001253_20130928_G00A0GXZV.xml	7411	7558
SPA_DF_001253_20131003_G00A08ZSE.xml	3370	3614
SPA_DF_001253_20131007_G00A0GY4F.xml	1009	1535
SPA_DF_001253_20131023_G00A0GYEB.xml	1995	2330
SPA_DF_001253_20131106_G00A0GYMB.xml	944	1254
SPA_DF_001253_20131106_G00A0GYMB.xml	2135	2305
SPA_DF_001253_20131106_G00A0GYMB.xml	2841	3151
SPA_DF_001253_20131106_G00A0GYMB.xml	3310	3528
SPA_DF_001253_20131106_G00A0GYMB.xml	3781	4157
SPA_DF_001253_20131106_G00A0GYMB.xml	5008	5178
SPA_DF_001253_20131106_G00A0GYMB.xml	5275	5585
SPA_DF_001253_20131217_G00A0GZ8O.xml	1051	1656
SPA_DF_001253_20131217_G00A0GZ8O.xml	3465	4441
SPA_DF_001253_20131217_G00A0GZ8O.xml	5427	5555
SPA_DF_001253_20131217_G00A0GZ8O.xml	5980	6315
SPA_DF_001253_20131220_G00A0GZAG.xml	2959	3195
SPA_DF_001253_20131220_G00A0GZAG.xml	4739	5200
SPA_DF_001253_20131225_G00A0GZE3.xml	1443	1546
SPA_DF_001253_20131225_G00A0GZE9.xml	1592	1818
SPA_DF_001253_20131225_G00A0GZE9.xml	2123	2210
SPA_DF_001253_20131225_G00A0GZE9.xml	2599	2686
SPA_DF_001253_20131225_G00A0GZE9.xml	2977	3112
SPA_DF_001253_20131225_G00A0GZE9.xml	3273	3360
SPA_DF_001253_20131225_G00A0GZE9.xml	3829	4046
SPA_DF_001253_20131225_G00A0GZE9.xml	4677	4813
SPA_DF_001253_20131225_G00A0GZE9.xml	5566	5653
SPA_DF_001253_20140125_G00A0GZWU.xml	956	1569
SPA_DF_001253_20140125_G00A0GZWU.xml	4425	4563
SPA_DF_001253_20140130_G00A08XCB.xml	727	832
SPA_DF_001253_20140130_G00A08XCB.xml	1030	1347
SPA_DF_001253_20140130_G00A08XCB.xml	2206	2583
SPA_DF_001253_20140130_G00A08XCB.xml	3258	3447
SPA_DF_001253_20140207_G00A0H055.xml	970	1146
SPA_DF_001253_20140207_G00A0H055.xml	1831	2153
SPA_DF_001253_20140207_G00A0H055.xml	2296	2393
SPA_DF_001253_20140207_G00A0H055.xml	2586	2686
SPA_DF_001253_20140207_G00A0H055.xml	2814	3369
SPA_DF_001253_20140207_G00A0H055.xml	4643	4743
SPA_DF_001253_20140214_G00A0H098.xml	1858	2687
SPA_DF_001253_20140214_G00A0H098.xml	2882	3305
SPA_DF_001253_20140214_G00A0H098.xml	5243	5409
SPA_DF_001253_20140214_G00A0H098.xml	5682	6108
SPA_DF_001253_20140302_G00A0H0JP.xml	1080	1388
SPA_DF_001253_20140302_G00A0H0JP.xml	1775	2089
SPA_DF_001253_20140302_G00A0H0JP.xml	3018	3080
SPA_DF_001253_20140312_G00A0H0QH.xml	2193	2336
SPA_DF_001253_20140312_G00A0H0QH.xml	3030	3682
SPA_DF_001253_20140312_G00A0H0QH.xml	4612	4973
SPA_DF_001253_20140321_G00A0H0VE.xml	1009	1456
SPA_DF_001253_20140321_G00A0H0VE.xml	1689	1803
SPA_DF_001253_20140322_G00A0H0W3.xml	2839	3033
SPA_DF_001253_20140324_G00A08WY0.xml	3247	3497
SPA_DF_001253_20140324_G00A08WY0.xml	3827	4128
SPA_DF_001253_20140324_G00A08WY0.xml	4378	4582
SPA_DF_001253_20140324_G00A08WYB.xml	575	651
SPA_DF_001253_20140324_G00A08WYB.xml	1081	1468
SPA_DF_001253_20140324_G00A08WYB.xml	4160	4602
SPA_DF_001253_20140325_G00A0H0Y4.xml	1484	1536
SPA_DF_001253_20140325_G00A0H0Y4.xml	2109	2256
SPA_DF_001253_20140325_G00A0H0Y4.xml	2742	2866
SPA_DF_001253_20140325_G00A0H0Y4.xml	3108	3232
SPA_DF_001253_20140325_G00A0H0Y4.xml	4748	5450
SPA_DF_001253_20140325_G00A0H0Y4.xml	5883	7025
SPA_DF_001253_20140325_G00A0H0Y4.xml	8286	8461
SPA_DF_001253_20140423_G00A0H1EE.xml	1191	1363
SPA_DF_001253_20140423_G00A0H1EE.xml	1700	2024
SPA_DF_001253_20140423_G00A0H1EE.xml	2889	3455
SPA_DF_001253_20140511_G00A0H1NY.xml	1447	1630
SPA_DF_001253_20140511_G00A0H1NY.xml	4475	4676
SPA_DF_001253_20140511_G00A0H1NY.xml	5162	5395
SPA_DF_001253_20140514_G00A08W47.xml	674	783
SPA_DF_001253_20140514_G00A08W47.xml	1243	1343
SPA_DF_001253_20140514_G00A08W47.xml	1777	2066
SPA_DF_001253_20140514_G00A08W47.xml	2354	2643
SPA_DF_001253_20140514_G00A08W47.xml	3014	3193
SPA_DF_001253_20140514_G00A08W47.xml	4496	4596
SPA_DF_001253_20140514_G00A08W47.xml	4821	4898
SPA_DF_001253_20140514_G00A08W47.xml	5068	5208
SPA_DF_001253_20140514_G00A08W47.xml	5365	5475
SPA_DF_001253_20140523_G00A0H1WI.xml	3666	3800
SPA_DF_001253_20140523_G00A0H1WI.xml	5068	5552
SPA_DF_001253_20140525_G00A0DL4F.xml	1053	1708
SPA_DF_001253_20140525_G00A0DL4F.xml	2145	2539
SPA_DF_001253_20140529_G00A07V7U.xml	1724	1848
SPA_DF_001253_20140530_G00A0H26Q.xml	1511	2279
SPA_DF_001253_20140530_G00A0H26Q.xml	3475	3574
SPA_DF_001253_20140530_G00A0H26Q.xml	4756	4841
SPA_DF_001253_20140602_G00A0H29K.xml	756	930
SPA_DF_001253_20140602_G00A0H29K.xml	1644	1935
SPA_DF_001253_20140602_G00A0H29K.xml	2897	3391
SPA_DF_001253_20140602_G00A0H29K.xml	3744	3900
SPA_DF_001253_20140602_G00A0H29K.xml	4406	4624
SPA_DF_001253_20140603_G00A08VR3.xml	1153	1308
SPA_DF_001253_20140603_G00A08VR3.xml	2009	2356
SPA_DF_001253_20140603_G00A08VR3.xml	2627	2859
SPA_DF_001253_20140603_G00A08VR3.xml	3162	3429
SPA_DF_001253_20140603_G00A08VR3.xml	4493	4715
SPA_DF_001253_20140605_G00A0H2FA.xml	2422	4061
SPA_DF_001253_20140608_G00A08VNU.xml	1823	1967
SPA_DF_001253_20140608_G00A08VNU.xml	2069	2306
SPA_DF_001253_20140608_G00A08VNU.xml	2475	2620
SPA_DF_001253_20140608_G00A08VNU.xml	3776	3953
SPA_DF_001253_20140608_G00A08VNU.xml	4772	4954
SPA_DF_001253_20140608_G00A08VNU.xml	5499	5681
SPA_DF_001253_20140608_G00A0H2I9.xml	3107	3566
SPA_DF_001253_20140608_G00A0H2I9.xml	4962	5421
SPA_DF_001253_20140608_G00A0H2I9.xml	6262	6405
SPA_DF_001253_20140610_G00A0H2KJ.xml	2333	2509
SPA_DF_001253_20140610_G00A0H2KJ.xml	2742	2939
SPA_DF_001253_20140610_G00A0H2KJ.xml	4590	4780
SPA_DF_001253_20140610_G00A0H2KJ.xml	5031	5288
SPA_DF_001253_20140617_G00A0H2UG.xml	4092	4489
SPA_DF_001253_20140623_G00A08VE5.xml	701	926
SPA_DF_001253_20140623_G00A08VE5.xml	1997	2601
SPA_DF_001253_20140623_G00A08VE5.xml	2896	3151
SPA_DF_001253_20140623_G00A08VE5.xml	3724	3979
SPA_DF_001253_20140623_G00A0H32B.xml	925	1094
SPA_DF_001253_20140629_G00A0H33Q.xml	2064	3057
SPA_DF_001253_20140629_G00A0H33Q.xml	3493	3607
SPA_DF_001253_20140629_G00A0H33Q.xml	4002	4995
SPA_DF_001253_20140925_G00A07R0Y.xml	2823	2997
SPA_DF_001253_20141102_G00A0H7CP.xml	2485	3041
SPA_DF_001253_20141102_G00A0H7CP.xml	4300	4358
SPA_DF_001253_20141102_G00A0H7CP.xml	4865	5083
SPA_DF_001253_20141114_G00A0H7PO.xml	3226	3408
SPA_DF_001253_20141114_G00A0H7PO.xml	4395	4558
SPA_DF_001253_20141114_G00A0H7PO.xml	5017	5117
SPA_DF_001253_20150315_G00A07LRQ.xml	1353	1447
SPA_DF_001253_20150509_G00A08PWU.xml	1935	2024
SPA_DF_001253_20150715_G00A0HHJ3.xml	1207	1395
SPA_DF_001253_20150715_G00A0HHJ3.xml	2229	2347
SPA_DF_001253_20150715_G00A0HHJ3.xml	3364	4120
SPA_DF_001253_20150818_G00A0HJ6L.xml	1496	1682
SPA_DF_001253_20150818_G00A0HJ6L.xml	2238	2424
SPA_DF_001253_20150818_G00A0HJ6L.xml	2754	2858
SPA_DF_001253_20150818_G00A0HJ6L.xml	4938	5124
SPA_DF_001253_20150831_G00A0HJTM.xml	994	1065
SPA_DF_001253_20150831_G00A0HJTM.xml	1716	1864
SPA_DF_001253_20150831_G00A0HJTM.xml	4082	4387
SPA_DF_001253_20150831_G00A0HJTM.xml	4961	5505
SPA_DF_001253_20150912_G00A08N1P.xml	1585	1774
SPA_DF_001253_20150912_G00A08N1P.xml	2100	2289
SPA_DF_001253_20150912_G00A08N1P.xml	3388	3529
SPA_DF_001253_20150912_G00A08N1P.xml	3629	3701
SPA_DF_001253_20150912_G00A08N1P.xml	3890	4144
SPA_DF_001253_20150912_G00A08N1P.xml	5296	5367
SPA_DF_001253_20151104_G00A08L8A.xml	1669	1833
SPA_DF_001253_20151104_G00A08L8A.xml	5590	5779
SPA_DF_001253_20151120_G00A07DZM.xml	2093	2218
SPA_DF_001253_20151120_G00A07DZM.xml	2302	2514
SPA_DF_001253_20151120_G00A07DZM.xml	5395	6048
SPA_DF_001253_20151120_G00A07DZM.xml	6222	6412
SPA_DF_001253_20151210_G00A0HP89.xml	1088	1348
SPA_DF_001253_20151210_G00A0HP89.xml	1497	1548
SPA_DF_001253_20151210_G00A0HP89.xml	3053	3313
SPA_DF_001253_20151210_G00A0HP89.xml	4412	4710
SPA_DF_001253_20151210_G00A0HP89.xml	5225	5302
SPA_DF_001253_20151210_G00A0HP89.xml	5434	5694
SPA_DF_001253_20160108_G00A08IKX.xml	564	858
SPA_DF_001253_20160108_G00A08IKX.xml	1865	2025
SPA_DF_001253_20160108_G00A08IKX.xml	3628	3905
SPA_DF_001253_20160108_G00A08IKX.xml	4654	4812
SPA_DF_001253_20160108_G00A08IKX.xml	4986	5133
SPA_DF_001253_20160121_G00A0HRED.xml	1340	1490
SPA_DF_001253_20160121_G00A0HRED.xml	3398	3668
SPA_DF_001253_20160121_G00A0HRED.xml	5811	6537
SPA_DF_001253_20160314_G00A08G94.xml	1411	1818
SPA_DF_001253_20160314_G00A08G94.xml	1966	2084
SPA_DF_001253_20160314_G00A08G94.xml	2717	3306
SPA_DF_001253_20160314_G00A08G94.xml	3985	4181
SPA_DF_001253_20160314_G00A08G94.xml	4440	4667
SPA_DF_001502_20160414_G00A0BENR.xml	2941	3166
SPA_DF_001502_20160414_G00A0BENR.xml	3332	3464
SPA_DF_001502_20160414_G00A0BENR.xml	3667	3799
CMN_DF_000020_20141028_G00A0BP2E.xml	1526	1607
CMN_DF_000020_20141028_G00A0BP2E.xml	1692	1781
CMN_DF_000020_20141028_G00A0BP2E.xml	2078	2178
CMN_DF_000020_20150215_G00A0E9JN.xml	380	462
CMN_DF_000020_20150215_G00A0E9JN.xml	550	746
CMN_DF_000020_20150215_G00A0E9JN.xml	1675	1871
CMN_DF_000020_20150215_G00A0E9JN.xml	2593	2748
CMN_DF_000020_20150215_G00A0E9JN.xml	2981	3063
CMN_DF_000020_20150602_G00A0E9QG.xml	1848	1961
CMN_DF_000020_20160325_G00A0BVLI.xml	855	933
CMN_DF_000020_20160325_G00A0BVLI.xml	1009	1087
CMN_DF_000020_20160325_G00A0BVLI.xml	1819	2351
CMN_DF_000020_20160325_G00A0BVLI.xml	3176	3291
CMN_DF_000020_20160421_G00A0EAFS.xml	2955	3074
CMN_DF_000020_20160421_G00A0EAFS.xml	3247	3333
CMN_DF_000020_20160421_G00A0EAFS.xml	3510	3663
CMN_DF_000020_20160421_G00A0EAFS.xml	3838	4079
CMN_DF_000020_20160421_G00A0EAFS.xml	4650	4760
CMN_DF_000020_20160421_G00A0EAFS.xml	4858	5128
CMN_DF_000020_20160421_G00A0EAFS.xml	5244	5343
CMN_DF_000191_20130821_G00A0EBML.xml	1077	1130
CMN_DF_000191_20130821_G00A0EBML.xml	1425	1489
CMN_DF_000191_20130821_G00A0EBML.xml	1688	1801
CMN_DF_000191_20140821_G00A0EC6N.xml	1007	1064
CMN_DF_000191_20140821_G00A0EC6N.xml	1355	1409
CMN_DF_000191_20140821_G00A0EC6N.xml	1720	1759
CMN_DF_000191_20140821_G00A0EC6N.xml	1929	1996
CMN_DF_000191_20140821_G00A0EC6N.xml	2076	2147
CMN_DF_000191_20140821_G00A0EC6N.xml	2336	2388
CMN_DF_000191_20140821_G00A0EC6N.xml	2551	2608
CMN_DF_000191_20141105_G00A0ECJW.xml	772	1155
CMN_DF_000191_20141105_G00A0ECJW.xml	1748	1822
CMN_DF_000191_20141205_G00A0ECQC.xml	891	1615
CMN_DF_000191_20150120_G00A0ED07.xml	389	541
CMN_DF_000191_20150120_G00A0ED07.xml	1075	1200
CMN_DF_000191_20150120_G00A0ED07.xml	1310	1430
CMN_DF_000191_20150304_G00A0ED7E.xml	2053	2140
CMN_DF_000191_20150410_G00A0EDE8.xml	1970	2039
CMN_DF_000191_20150430_G00A0EDIK.xml	1354	1415
CMN_DF_000191_20150430_G00A0EDIK.xml	1530	1624
CMN_DF_000191_20150430_G00A0EDIK.xml	2114	2213
CMN_DF_000191_20150505_G00A0EDJL.xml	326	445
CMN_DF_000191_20150505_G00A0EDJL.xml	872	991
CMN_DF_000191_20150505_G00A0EDJL.xml	1163	1282
CMN_DF_000191_20150505_G00A0EDJL.xml	1729	1848
CMN_DF_000191_20150505_G00A0EDJL.xml	2075	2194
CMN_DF_000191_20150505_G00A0EDJL.xml	2402	2521
CMN_DF_000191_20150505_G00A0EDJL.xml	2647	2766
CMN_DF_000191_20150625_G00A0CS4I.xml	659	737
CMN_DF_000191_20150706_G00A0CS0N.xml	385	454
CMN_DF_000191_20150706_G00A0CS0N.xml	590	700
CMN_DF_000191_20150706_G00A0CS0N.xml	954	1245
CMN_DF_000191_20150713_G00A0CRW3.xml	423	532
CMN_DF_000191_20150713_G00A0CRW3.xml	636	692
CMN_DF_000191_20150713_G00A0CRW3.xml	998	1116
CMN_DF_000191_20150713_G00A0CRW3.xml	1448	1522
CMN_DF_000191_20150820_G00A0EE5B.xml	1501	1618
CMN_DF_000191_20151011_G00A0EEIT.xml	1673	1714
CMN_DF_000191_20151011_G00A0EEIT.xml	1795	1871
CMN_DF_000191_20151108_G00A0EERF.xml	605	1150
CMN_DF_000191_20151231_G00A0C4CA.xml	2097	2145
CMN_DF_000191_20151231_G00A0C4CA.xml	2603	2683
CMN_DF_000191_20151231_G00A0C4CA.xml	3759	3825
CMN_DF_000191_20160222_G00A0C9J4.xml	1521	1579
CMN_DF_000191_20160316_G00A0EGPU.xml	1449	1499
CMN_DF_000191_20160316_G00A0EGPU.xml	1893	1943
CMN_DF_000191_20160316_G00A0EGPU.xml	2054	2204
CMN_DF_000191_20160322_G00A0EGUP.xml	1644	1659
CMN_DF_000191_20160324_G00A0C2UV.xml	1124	1228
CMN_DF_000191_20160405_G00A0EHC9.xml	1105	1143
CMN_DF_000191_20160405_G00A0EHC9.xml	1403	1481
CMN_DF_000191_20160405_G00A0EHC9.xml	1867	1991
CMN_DF_000191_20160405_G00A0EHDB.xml	1403	1478
CMN_DF_000191_20160415_G00A0EHUF.xml	1876	1935
CMN_DF_000191_20160421_G00A0EI5Y.xml	787	876
CMN_DF_000191_20160421_G00A0EI5Y.xml	1002	1046
CMN_DF_000191_20160421_G00A0EI5Y.xml	1215	1272
CMN_DF_000191_20160421_G00A0EI5Y.xml	1375	1494
CMN_DF_000191_20160421_G00A0EI5Y.xml	1683	1857
CMN_DF_000191_20160421_G00A0EI5Y.xml	2309	2359
CMN_DF_000191_20160421_G00A0EI5Y.xml	2522	2612
CMN_DF_000311_20090101_G00A0DVV9.xml	1977	2094
CMN_DF_000311_20090101_G00A0DVV9.xml	3426	3534
CMN_DF_000311_20090101_G00A0DVV9.xml	3649	3762
CMN_DF_000311_20121221_G00A0DRI9.xml	1225	1342
CMN_DF_000311_20130110_G00A0DRDZ.xml	1411	1538
CMN_DF_000311_20130110_G00A0DRDZ.xml	2191	2277
CMN_DF_000311_20130110_G00A0DRDZ.xml	2367	2454
CMN_DF_000311_20130110_G00A0DRDZ.xml	2541	2629
CMN_DF_000311_20130110_G00A0DRDZ.xml	2725	2830
CMN_DF_000311_20130805_G00A0EN0B.xml	1923	2007
CMN_DF_000311_20130805_G00A0EN0B.xml	2106	2207
CMN_DF_000311_20130805_G00A0EN0B.xml	3739	3849
CMN_DF_000311_20130805_G00A0EN0B.xml	4051	4159
CMN_DF_000311_20131115_G00A0ENC0.xml	1425	1515
CMN_DF_000311_20131115_G00A0ENC0.xml	2360	2449
CMN_DF_000311_20131115_G00A0ENC0.xml	2611	2719
CMN_DF_000311_20131115_G00A0ENC0.xml	2914	3030
CMN_DF_000311_20131115_G00A0ENC0.xml	3190	3327
CMN_DF_000311_20131115_G00A0ENC0.xml	3429	3522
CMN_DF_000311_20131115_G00A0ENC0.xml	3622	3722
CMN_DF_000311_20131115_G00A0ENC0.xml	3835	3945
CMN_DF_000311_20131115_G00A0ENC0.xml	4268	4386
CMN_DF_000311_20131115_G00A0ENC0.xml	4469	4549
CMN_DF_000311_20131115_G00A0ENC0.xml	4638	4721
CMN_DF_000311_20140309_G00A0ENR6.xml	1001	1123
CMN_DF_000311_20140309_G00A0ENR6.xml	1553	1677
CMN_DF_000311_20140309_G00A0ENR6.xml	2304	2425
CMN_DF_000311_20140311_G00A0DP6B.xml	2114	2242
CMN_DF_000311_20140311_G00A0DP6B.xml	2448	2538
CMN_DF_000311_20140311_G00A0DP6B.xml	2673	2798
CMN_DF_000311_20140311_G00A0DP6B.xml	3074	3165
CMN_DF_000311_20140311_G00A0DP6B.xml	3464	3555
CMN_DF_000311_20140311_G00A0DP6B.xml	3712	3799
CMN_DF_000311_20150112_G00A0EOWE.xml	2044	2142
CMN_DF_000311_20150112_G00A0EOWE.xml	2331	2427
CMN_DF_000311_20151122_G00A0EQRF.xml	1746	1827
CMN_DF_000311_20151122_G00A0EQRF.xml	2523	2621
CMN_DF_000311_20151122_G00A0EQRF.xml	2700	2793
CMN_DF_000311_20151122_G00A0EQRF.xml	2886	3005
CMN_DF_000311_20151122_G00A0EQRF.xml	3206	3292
CMN_DF_000311_20151122_G00A0EQRF.xml	3378	3497
CMN_DF_000311_20151122_G00A0EQRF.xml	3641	3759
CMN_DF_000311_20151122_G00A0EQRF.xml	3990	4113
CMN_DF_000311_20151122_G00A0EQRF.xml	4215	4305
CMN_DF_000311_20151122_G00A0EQRF.xml	4463	4581
CMN_DF_000311_20151204_G00A0DMJ4.xml	1548	1671
CMN_DF_000311_20151204_G00A0DMJ4.xml	2723	2825
CMN_DF_000311_20151204_G00A0DMJ4.xml	2906	3038
CMN_DF_000311_20151204_G00A0DMJ4.xml	3147	3271
CMN_DF_000311_20160402_G00A0ERNO.xml	2598	2693
CMN_DF_000311_20160409_G00A0ERQ6.xml	2387	2491
CMN_DF_000311_20160419_G00A0ERXS.xml	1000	1084
CMN_DF_000311_20160419_G00A0ERXS.xml	1940	2046
CMN_DF_000311_20160419_G00A0ERXS.xml	2176	2304
CMN_DF_000311_20160419_G00A0ERXS.xml	2836	2939
CMN_DF_000311_20160419_G00A0ERXS.xml	3028	3126
CMN_DF_000311_20160419_G00A0ERXS.xml	3244	3372
CMN_DF_000311_20160419_G00A0ERXS.xml	3666	3792
